country,article_name,rev_id,article_quality_est,country_pop,subregion,subregion_pop,subregion2,subregion2_pop
Rhodesian,Gervas Clay,574571582.0,Stub,,,,,
Rhodesian,Harry Davies (politician),669387487.0,Start,,,,,
Rhodesian,William Fairbridge,682576258.0,Start,,,,,
Rhodesian,Washington Malianga,711506001.0,Stub,,,,,
Rhodesian,Ronald Snapper,712233907.0,Stub,,,,,
Rhodesian,Gerald B. Clarke,747497059.0,Stub,,,,,
Rhodesian,Francis Chaplin,763530115.0,Stub,,,,,
Rhodesian,Roger Hawkins (politician),763533706.0,Start,,,,,
Rhodesian,George Mitchell (Rhodesia),763540238.0,Stub,,,,,
Rhodesian,John Landau,763870152.0,Stub,,,,,
Rhodesian,Byron Hove,763951988.0,Start,,,,,
Rhodesian,Hilary Squires,766847256.0,Stub,,,,,
Rhodesian,Cecil Dennistoun Burney,774837666.0,Stub,,,,,
Rhodesian,Mark Partridge,780260926.0,Stub,,,,,
Rhodesian,Prime Minister of Rhodesia,782602484.0,Start,,,,,
Rhodesian,Leo Cardwell Ross,783150296.0,Start,,,,,
Rhodesian,Josiah Gondo,783150589.0,C,,,,,
Rhodesian,Dunduzu Chisiza,783301534.0,B,,,,,
Rhodesian,Allan Ross Welsh,784562559.0,C,,,,,
Rhodesian,John Moore Caldicott,784757829.0,Start,,,,,
Rhodesian,John Ralph Beaumont,784758963.0,Start,,,,,
Rhodesian,Leonard Ray Morgan,784769027.0,Start,,,,,
Rhodesian,Raleigh Grey,784826325.0,Start,,,,,
Rhodesian,Robert Clarkson Tredgold,784830601.0,Start,,,,,
Rhodesian,Robert James Hudson,784831407.0,B,,,,,
Rhodesian,William Harper (Rhodesian politician),784870217.0,FA,,,,,
Rhodesian,Rowan Cronjé,784974615.0,GA,,,,,
Rhodesian,Edgar Whitehead,786601705.0,Start,,,,,
Rhodesian,Henry Hamilton Beamish,786659504.0,Start,,,,,
Rhodesian,Lionel Cripps,787105083.0,Start,,,,,
Rhodesian,A. R. Colquhoun,787147677.0,Start,,,,,
Rhodesian,John McChlery,787854502.0,Stub,,,,,
Rhodesian,Jeremiah Chirau,789545107.0,Stub,,,,,
Rhodesian,Winston Field,789689591.0,C,,,,,
Rhodesian,Howard Unwin Moffat,790010191.0,Start,,,,,
Rhodesian,Ken Flower,794528943.0,Start,,,,,
Rhodesian,Andrew Skeen (Rhodesia),795348776.0,Stub,,,,,
Rhodesian,Hugh Beadle,795369277.0,FA,,,,,
Rhodesian,Hugh Marshall Hole,795483112.0,Start,,,,,
Rhodesian,Roy Welensky,797314307.0,FA,,,,,
Rhodesian,Abel Muzorewa,797407618.0,C,,,,,
Rhodesian,Signatories of Rhodesia's Unilateral Declaration of Independence,797546082.0,Start,,,,,
Rhodesian,Jack Howman,798384751.0,Stub,,,,,
Rhodesian,Ethel Tawse Jollie,798492985.0,Start,,,,,
Rhodesian,Alan David Butler,799332728.0,Start,,,,,
Rhodesian,Jack William Pithey,799548505.0,Start,,,,,
Rhodesian,President of Rhodesia,799548556.0,C,,,,,
Rhodesian,Denis Walker,799608339.0,C,,,,,
Rhodesian,James Cowden,800407772.0,Stub,,,,,
Rhodesian,Herbert Chitepo,800416336.0,C,,,,,
Rhodesian,Thomas Nangle,800479460.0,Start,,,,,
Rhodesian,Timothy Stamps,800986051.0,C,,,,,
Rhodesian,Sam Levy,801716406.0,Start,,,,,
Rhodesian,Humphrey Gibbs,801718040.0,C,,,,,
Rhodesian,P. K. van der Byl,801795215.0,FA,,,,,
Rhodesian,Clifford Dupont,801876681.0,C,,,,,
Rhodesian,Lance Smith (politician),802151785.0,GA,,,,,
Rhodesian,Desmond Lardner-Burke,802930161.0,B,,,,,
Rhodesian,John Bredenkamp,803620246.0,C,,,,,
Rhodesian,Frank Rhodes (British Army officer),804040348.0,Start,,,,,
Rhodesian,Ernest Lucas Guest,804101492.0,FA,,,,,
Rhodesian,Godfrey Chidyausiku,804650400.0,Start,,,,,
Rhodesian,Richard Hope Hall,804743937.0,GA,,,,,
Rhodesian,Crosaire,804806363.0,Start,,,,,
Rhodesian,Gaston Thornicroft,804877226.0,Start,,,,,
Rhodesian,"James Graham, 7th Duke of Montrose",805372073.0,C,,,,,
Rhodesian,Ahrn Palley,805960143.0,C,,,,,
Rhodesian,Allan Savory,806153816.0,GA,,,,,
Rhodesian,Ian Smith,806532780.0,FA,,,,,
Rhodesian,Garfield Todd,807097467.0,C,,,,,
Rhodesian,Douglas Hamilton Ritchie,807159903.0,C,,,,,
Rhodesian,Godfrey Huggins,807160082.0,C,,,,,
Rhodesian,George Hackwill,807283218.0,C,,,,,
Rhodesian,Henry Everard,807425613.0,Start,,,,,
Rhodesian,John Wrathall,807425747.0,C,,,,,
Cape Colony,James Bisset (mayor),647367482.0,Start,,,,,
Cape Colony,Augustus Joseph Tancred,651250302.0,Stub,,,,,
Cape Colony,Johan Conrad Silberbauer,653467222.0,Stub,,,,,
Cape Colony,James Cotterell Hoole,666596918.0,Stub,,,,,
Cape Colony,Patrick Goold,670210734.0,Start,,,,,
Cape Colony,Andries Botha,676828191.0,B,,,,,
Cape Colony,Charles William Hutton,680205631.0,C,,,,,
Cape Colony,John Blades Currey,693624260.0,Stub,,,,,
Cape Colony,Joseph Orpen,715016315.0,C,,,,,
Cape Colony,Klaas Afrikaner,718462130.0,Stub,,,,,
Cape Colony,Christian Groepe,723563811.0,B,,,,,
Cape Colony,William Hume (Cape politician),724976433.0,Start,,,,,
Cape Colony,James Sivewright,731817397.0,C,,,,,
Cape Colony,William Downes Griffith,731908828.0,Start,,,,,
Cape Colony,John Sweet Distin,737348283.0,Start,,,,,
Cape Colony,John Thomas Eustace,746923352.0,C,,,,,
Cape Colony,Jeremias Ziervogel,750299694.0,Start,,,,,
Cape Colony,Henry Latham Currey,757832561.0,Start,,,,,
Cape Colony,Henry Juta,765333482.0,Stub,,,,,
Cape Colony,Simeon Jacobs,767856232.0,C,,,,,
Cape Colony,William Schreiner,771024710.0,Start,,,,,
Cape Colony,George Strahan,775481498.0,Start,,,,,
Cape Colony,John Bardwell Ebden,776725178.0,Start,,,,,
Cape Colony,Jan Hendrik Hofmeyr (Onze Jan),779046359.0,C,,,,,
Cape Colony,Charles Abercrombie Smith,783249147.0,C,,,,,
Cape Colony,Charles Brownlee,783250295.0,C,,,,,
Cape Colony,George Cathcart,784693349.0,Start,,,,,
Cape Colony,Henry Torrens,784726341.0,Start,,,,,
Cape Colony,Frederick Schermbrucker,784765242.0,Start,,,,,
Cape Colony,Richard Solomon (Attorney General),784829553.0,Start,,,,,
Cape Colony,Walter Hely-Hutchinson,784862369.0,Start,,,,,
Cape Colony,Henry White (Cape Treasurer General),785566972.0,C,,,,,
Cape Colony,Jacobus Wilhelmus Sauer,786142993.0,C,,,,,
Cape Colony,Charles Lennox Stretch,786803200.0,Start,,,,,
Cape Colony,John Tengo Jabavu,786916027.0,Start,,,,,
Cape Colony,Philip John Stigant,786972727.0,Start,,,,,
Cape Colony,Henry Pottinger,787552653.0,C,,,,,
Cape Colony,Thomas Charles Scanlen,788098639.0,C,,,,,
Cape Colony,Saul Solomon,788361321.0,C,,,,,
Cape Colony,Thomas Upington,788717893.0,C,,,,,
Cape Colony,Andries Stockenström (judge),789120101.0,C,,,,,
Cape Colony,Robert Wynyard,789258720.0,C,,,,,
Cape Colony,"John de Villiers, 1st Baron de Villiers",789675927.0,C,,,,,
Cape Colony,Philip Edmond Wodehouse,792178662.0,C,,,,,
Cape Colony,Charles Aken Fairbridge,793643575.0,Stub,,,,,
Cape Colony,William Howley Goodenough,794193433.0,Start,,,,,
Cape Colony,George Thomas Napier,794346758.0,Start,,,,,
Cape Colony,William Butler (British Army officer),794705198.0,C,,,,,
Cape Colony,"Sir George Yonge, 5th Baronet",795625420.0,C,,,,,
Cape Colony,Christoffel Brand,796352977.0,C,,,,,
Cape Colony,Henry Barkly,796646347.0,C,,,,,
Cape Colony,Lord Charles Somerset,797029963.0,Start,,,,,
Cape Colony,Benjamin D'Urban,797735815.0,C,,,,,
Cape Colony,John Charles Molteno,797978795.0,C,,,,,
Cape Colony,"George Macartney, 1st Earl Macartney",798165649.0,C,,,,,
Cape Colony,William Porter (Attorney General),798383131.0,C,,,,,
Cape Colony,David Tennant (politician),798742813.0,C,,,,,
Cape Colony,Andries Stockenström,799373837.0,B,,,,,
Cape Colony,"Sir Harry Smith, 1st Baronet",799472552.0,C,,,,,
Cape Colony,Charles Henry Darling,800159179.0,Start,,,,,
Cape Colony,John Paterson (Cape politician),800767317.0,C,,,,,
Cape Colony,John X. Merriman,801351302.0,C,,,,,
Cape Colony,Mpilo Walter Benson Rubusana,801417570.0,Start,,,,,
Cape Colony,Henry Hugh Clifford,801856640.0,C,,,,,
Cape Colony,James Tennant Molteno,801935094.0,C,,,,,
Cape Colony,Leander Starr Jameson,803177433.0,C,,,,,
Cape Colony,Henry Bartle Frere,803288472.0,B,,,,,
Cape Colony,"Hercules Robinson, 1st Baron Rosmead",803303116.0,C,,,,,
Cape Colony,"Henry Loch, 1st Baron Loch",803618569.0,C,,,,,
Cape Colony,Francis Dundas,803908887.0,Start,,,,,
Cape Colony,Lowry Cole,804277547.0,Start,,,,,
Cape Colony,"Sir David Baird, 1st Baronet",804362436.0,C,,,,,
Cape Colony,James Rose Innes,804497413.0,GA,,,,,
Cape Colony,Nicolaas Frederic de Waal,805157563.0,Stub,,,,,
Cape Colony,"John Charles Molteno, Jr.",805678535.0,C,,,,,
Cape Colony,"Alfred Milner, 1st Viscount Milner",805962015.0,C,,,,,
Cape Colony,Gordon Sprigg,806340214.0,C,,,,,
Cape Colony,Cecil Rhodes,806647373.0,B,,,,,
Cape Colony,George Grey,807290539.0,FA,,,,,
Cape Colony,Peregrine Maitland,807330872.0,C,,,,,
Cape Colony,Thomas Francis Wade,807401513.0,C,,,,,
Montserratian,Speaker of the Legislative Assembly of Montserrat,674919905.0,Stub,,,,,
Montserratian,Peter Waterworth,712713704.0,Stub,,,,,
Montserratian,Christopher J. Turner,719256142.0,Start,,,,,
Montserratian,Howard Fergus,725980651.0,Start,,,,,
Montserratian,Ashley Greenwood,737169369.0,Start,,,,,
Montserratian,Teresina Bodkin,757086597.0,Stub,,,,,
Montserratian,Shirley Osborne,757086621.0,Stub,,,,,
Montserratian,Adrian Davis (governor),762009545.0,Stub,,,,,
Montserratian,David G. P. Taylor,768679602.0,Start,,,,,
Montserratian,Sarita Francis,770131970.0,Start,,,,,
Montserratian,David Brandt (politician),771351774.0,Stub,,,,,
Montserratian,Bertrand Osborne,771351955.0,Stub,,,,,
Montserratian,Percival Austin Bramble,771352057.0,Stub,,,,,
Montserratian,Winston Pond,781452925.0,Stub,,,,,
Montserratian,Mary Rose Tuitt,783821985.0,Start,,,,,
Montserratian,Tony Longrigg,784856577.0,Stub,,,,,
Montserratian,Deborah Barnes-Jones,784875662.0,Start,,,,,
Montserratian,William Henry Bramble,788976365.0,C,,,,,
Montserratian,John Kemys Spencer-Churchill,789918293.0,Stub,,,,,
Montserratian,Reuben Meade,790614135.0,Start,,,,,
Montserratian,Wilfred Bennett Davidson-Houston,791981452.0,Start,,,,,
Montserratian,Elizabeth Carriere,793896767.0,Stub,,,,,
Montserratian,"Government House, Montserrat",798265888.0,Start,,,,,
Montserratian,Donaldson Romeo,799317293.0,Start,,,,,
Montserratian,Premier of Montserrat,801175821.0,Start,,,,,
Montserratian,Governor of Montserrat,806415676.0,Start,,,,,
Montserratian,Tony Abbott (governor),806730593.0,Stub,,,,,
Pitcairn Islands,Chairman of the Island Council (Pitcairn),680532939.0,Stub,,,,,
Pitcairn Islands,Edgar Allen Christian,715823848.0,Stub,,,,,
Pitcairn Islands,Frederick Martin Christian,715823876.0,Stub,,,,,
Pitcairn Islands,John Lorenzo Christian,715823908.0,Stub,,,,,
Pitcairn Islands,Benjamin Stanley Young,717259837.0,Stub,,,,,
Pitcairn Islands,Edward Quintal,717338734.0,Stub,,,,,
Pitcairn Islands,Arthur Quintal I,717340951.0,Stub,,,,,
Pitcairn Islands,Fletcher Christian II,717340996.0,Stub,,,,,
Pitcairn Islands,Moses Young,717341064.0,Stub,,,,,
Pitcairn Islands,Matthew McCoy (Magistrate),717345596.0,Stub,,,,,
Pitcairn Islands,Arthur Quintal II,717346443.0,Stub,,,,,
Pitcairn Islands,Charles Christian II,717350782.0,Stub,,,,,
Pitcairn Islands,Norris Henry Young,717867039.0,Stub,,,,,
Pitcairn Islands,Arthur Galsworthy,719706841.0,Stub,,,,,
Pitcairn Islands,Jonathan Sinclair,731458576.0,Stub,,,,,
Pitcairn Islands,Simon Young (magistrate),748179514.0,Stub,,,,,
Pitcairn Islands,Brian Young (magistrate),749046736.0,Stub,,,,,
Pitcairn Islands,Joshua Hill (Pitcairn Island leader),751464749.0,Stub,,,,,
Pitcairn Islands,George Fergusson (diplomat),754790610.0,C,,,,,
Pitcairn Islands,James Russell McCoy,754935959.0,Start,,,,,
Pitcairn Islands,Matthew Edmond McCoy,754935982.0,Stub,,,,,
Pitcairn Islands,Richard Fell,764601118.0,Start,,,,,
Pitcairn Islands,William Alfred Young,779056744.0,Stub,,,,,
Pitcairn Islands,Governor of Pitcairn,782764117.0,Start,,,,,
Pitcairn Islands,Martin Williams (diplomat),783746509.0,Stub,,,,,
Pitcairn Islands,David Aubrey Scott,785508390.0,Start,,,,,
Pitcairn Islands,Harold Smedley,788318957.0,Start,,,,,
Pitcairn Islands,Betty Christian,791265995.0,Start,,,,,
Pitcairn Islands,Meralda Warren,794905581.0,C,,,,,
Pitcairn Islands,Victoria Treadell,795649021.0,Start,,,,,
Pitcairn Islands,Charles Richard Parkin Christian,796203049.0,Stub,,,,,
Pitcairn Islands,Warren Clive Christian,796203180.0,Stub,,,,,
Pitcairn Islands,Jay Warren,796203252.0,Start,,,,,
Pitcairn Islands,Robert Alston,796592041.0,Stub,,,,,
Pitcairn Islands,Butterworth Stavely,797221428.0,Start,,,,,
Pitcairn Islands,Gerard Bromley Robert Christian,799551777.0,Stub,,,,,
Pitcairn Islands,Ivan Christian,799551778.0,Stub,,,,,
Pitcairn Islands,Pervis Ferris Young,799551779.0,Stub,,,,,
Pitcairn Islands,Thursday October Christian II,799551780.0,Start,,,,,
Pitcairn Islands,Brenda Christian,799551784.0,Start,,,,,
Pitcairn Islands,Shawn Christian (mayor),800137512.0,Start,,,,,
Abkhazia,Zaur Avidzba,694519009.0,Start,,,,,
Abkhazia,Zaur Ardzinba,704938340.0,Start,,,,,
Abkhazia,Zurab Achba,721094337.0,Stub,,,,,
Abkhazia,Shota Shamatava,723736482.0,Stub,,,,,
Abkhazia,Sumbat Saakian,755193428.0,Stub,,,,,
Abkhazia,Zakan Jugelia,786203824.0,Start,,,,,
Abkhazia,Raul Eshba,789039267.0,Stub,,,,,
Abkhazia,Bagrat Shinkuba,789818648.0,Start,,,,,
Abkhazia,Samson Chanba,789818730.0,Start,,,,,
Abkhazia,Efrem Eshba,798644673.0,Stub,,,,,
Abkhazia,Garri Aiba,799618550.0,Start,,,,,
Abkhazia,Zhiuli Shartava,802029007.0,Start,,,,,
Abkhazia,Yuri Voronov,803018106.0,Stub,,,,,
Abkhazia,Gennadi Berulava,805063877.0,Stub,,,,,
Abkhazia,Guram Gabiskiria,805775169.0,Start,,,,,
Abkhazia,Nestor Lakoba,805967589.0,C,,,,,
East Timorese,José Abel,699698855.0,Stub,,,,,
East Timorese,Rogerio Lobato,712249441.0,Start,,,,,
East Timorese,Manuel Magalhaes de Oliveira,720011934.0,Stub,,,,,
East Timorese,João Viegas Carrascalão,737687072.0,Start,,,,,
East Timorese,Manuel Carrascalão,753061850.0,Stub,,,,,
East Timorese,Adalgisa Magno Guterres,755908563.0,Stub,,,,,
East Timorese,María do Céu,755908564.0,Start,,,,,
East Timorese,Ana Pessoa Pinto,757539934.0,Stub,,,,,
East Timorese,Rosa Bonaparte,760534473.0,Stub,,,,,
East Timorese,Fernanda Borges,765600414.0,Stub,,,,,
East Timorese,Nicolau dos Reis Lobato,772890380.0,Stub,,,,,
East Timorese,Adalgisa Ximenes,779579546.0,Stub,,,,,
East Timorese,Milena Pires,788017619.0,Start,,,,,
East Timorese,Alfredo Pires,788450147.0,Stub,,,,,
East Timorese,Mário Viegas Carrascalão,793270640.0,B,,,,,
East Timorese,José Abílio Osório Soares,793454583.0,Start,,,,,
East Timorese,Roque Rodrigues,796722416.0,Stub,,,,,
East Timorese,Avelino Coelho da Silva,796886084.0,Stub,,,,,
East Timorese,Manuel Tilman,797040695.0,Stub,,,,,
East Timorese,Isabel da Costa Ferreira,797279277.0,C,,,,,
East Timorese,Emília Pires,797438594.0,C,,,,,
East Timorese,Xanana Gusmão,798242613.0,C,,,,,
East Timorese,José Luís Guterres,798334210.0,Start,,,,,
East Timorese,Arsénio Bano,798969127.0,Stub,,,,,
East Timorese,Nino Konis Santana,799059687.0,Stub,,,,,
East Timorese,President of East Timor,799570306.0,Start,,,,,
East Timorese,Estanislau da Silva,802072802.0,C,,,,,
East Timorese,José Ramos-Horta,802765398.0,C,,,,,
East Timorese,Fernando de Araújo (East Timorese politician),803043434.0,C,,,,,
East Timorese,Taur Matan Ruak,803615826.0,C,,,,,
East Timorese,Lúcia Lobato,803664269.0,Start,,,,,
East Timorese,Francisco Xavier do Amaral,803969836.0,C,,,,,
East Timorese,Vicente Guterres,804966906.0,Start,,,,,
East Timorese,Rui Maria de Araújo,805183458.0,Start,,,,,
East Timorese,Francisco Guterres,806140876.0,Start,,,,,
Faroese,Tórbjørn Poulsen,700400143.0,Stub,,,,,
Faroese,Demmus Hentze,701771698.0,Start,,,,,
Faroese,Andrias Christian Evensen,714088539.0,Start,,,,,
Faroese,Hákun Djurhuus,715330944.0,Stub,,,,,
Faroese,Jógvan Justinusson,715490721.0,Stub,,,,,
Faroese,Andrass Samuelsen,716137698.0,Stub,,,,,
Faroese,Álvur Kirke,721938213.0,Stub,,,,,
Faroese,Rikard Long,722336332.0,Start,,,,,
Faroese,Sigurð Joensen,722336979.0,Start,,,,,
Faroese,Jógvan Poulsen (1854–1941),722590461.0,Start,,,,,
Faroese,Jacob Vestergaard,724674137.0,Start,,,,,
Faroese,Johan Simonsen,725030656.0,Stub,,,,,
Faroese,Kári P. Højgaard,725288194.0,Start,,,,,
Faroese,Kristin Michelsen,729422866.0,C,,,,,
Faroese,Lisbeth L. Petersen,734668075.0,Start,,,,,
Faroese,Símun av Skarði,735578210.0,Stub,,,,,
Faroese,Finnbogi Ísakson,748477895.0,Start,,,,,
Faroese,Brandur Sandoy,750167873.0,Start,,,,,
Faroese,Bárður á Steig Nielsen,756602743.0,Start,,,,,
Faroese,Edmund Joensen,756654638.0,Stub,,,,,
Faroese,Jørgen Niclasen,756654880.0,Stub,,,,,
Faroese,Jóannes Eidesgaard,765947137.0,Start,,,,,
Faroese,Jógvan á Lakjuni,765947416.0,Start,,,,,
Faroese,Anfinn Kallsberg,773895078.0,Start,,,,,
Faroese,Kaj Leo Johannesen,780361487.0,Start,,,,,
Faroese,Rigmor Dam,780543271.0,Start,,,,,
Faroese,Hanna Jensen,780543417.0,Start,,,,,
Faroese,Sonja Jógvansdóttir,780543635.0,Start,,,,,
Faroese,Karin Kjølbro,780543692.0,Start,,,,,
Faroese,Jóannes Patursson,781915668.0,Start,,,,,
Faroese,Erlendur Patursson,784440060.0,Start,,,,,
Faroese,Niels Winther Poulsen,789029085.0,Stub,,,,,
Faroese,Bjørt Samuelsen,789306157.0,Start,,,,,
Faroese,Jenis av Rana,789307497.0,Start,,,,,
Faroese,Heðin Mortensen,789307569.0,Start,,,,,
Faroese,Rasmus Effersøe,789307632.0,Start,,,,,
Faroese,Trygvi Samuelsen,789308387.0,Start,,,,,
Faroese,Eilif Samuelsen,789308554.0,Stub,,,,,
Faroese,Jógvan Skorheim,789310556.0,Start,,,,,
Faroese,Louis Zachariasen,789708924.0,Start,,,,,
Faroese,Annika Olsen,792595685.0,Start,,,,,
Faroese,Páll á Reynatúgvu,793276089.0,Start,,,,,
Faroese,Atli Dam,793277402.0,Start,,,,,
Faroese,Henrik Old,793353435.0,Start,,,,,
Faroese,Marita Petersen,793394960.0,Start,,,,,
Faroese,Pauli Ellefsen,796170338.0,Start,,,,,
Faroese,Rasmus Rasmussen (writer),796170437.0,C,,,,,
Faroese,Peter Mohr Dam,797450160.0,Stub,,,,,
Faroese,Knút Wang,797493287.0,Start,,,,,
Faroese,Sjúrður Skaale,797493405.0,C,,,,,
Faroese,Høgni Hoydal,800723683.0,Start,,,,,
Faroese,Kristina Háfoss,801638146.0,Start,,,,,
Faroese,Sirið Stenberg,802476681.0,Start,,,,,
Faroese,Eyðgunn Samuelsen,802515495.0,Start,,,,,
Faroese,Edva Jacobsen,802925425.0,Stub,,,,,
Faroese,Aksel V. Johannesen,803145744.0,Start,,,,,
Faroese,Djóni í Geil,803656387.0,Start,,,,,
Faroese,Elsebeth Mercedis Gunnleygsdóttur,804422035.0,Stub,,,,,
Faroese,Annita á Fríðriksmørk,806011231.0,Start,,,,,
Faroese,Katrin Kallsberg,806909915.0,Start,,,,,
Faroese,H. C .W. Tórgarð,807297374.0,Start,,,,,
Niuean,Young Vivian,703037968.0,Start,,,,,
Niuean,Robert Rex,763768679.0,Start,,,,,
Niuean,Atapana Siakimotu,766068997.0,Stub,,,,,
Niuean,Ahohiva Levi,766068998.0,Stub,,,,,
Niuean,Bill Vakaafi Motufoou,766069253.0,Stub,,,,,
Niuean,Pokotoa Sipeli,766069256.0,Stub,,,,,
Niuean,Terry Coe,766069372.0,Stub,,,,,
Niuean,Togiavalu Pihigia,766069407.0,Stub,,,,,
Niuean,Hima Douglas,766069520.0,Stub,,,,,
Niuean,Dalton Tagelagi,766069576.0,Stub,,,,,
Niuean,Michael Jackson (journalist),770018880.0,Start,,,,,
Niuean,Enetama Lipitoa,771152922.0,Stub,,,,,
Niuean,Sani Lakatani,775947817.0,Stub,,,,,
Niuean,O'Love Jacobsen,779369629.0,C,,,,,
Niuean,Sisilia Talagi,779369671.0,Stub,,,,,
Niuean,Salilo Tongia,779369724.0,Stub,,,,,
Niuean,Va'aiga Tukuitonga,779369750.0,Stub,,,,,
Niuean,Togia Sioneholo,796747380.0,Stub,,,,,
Niuean,Premier of Niue,797757076.0,Start,,,,,
Niuean,Toke Talagi,803392432.0,C,,,,,
Niuean,Frank Lui,804027488.0,Start,,,,,
Niuean,Joan Viliamu,806666816.0,Stub,,,,,
Carniolan,Simon Jenko,703436823.0,Start,,,,,
Carniolan,Ivan Hribar,713766077.0,C,,,,,
Carniolan,Gregor Žerjav,716507073.0,Start,,,,,
Carniolan,Karel Dežman,716574519.0,C,,,,,
Carniolan,Josip Vilfan,717350390.0,B,,,,,
Carniolan,Luka Svetec,717669055.0,Start,,,,,
Carniolan,Janez Evangelist Krek,726434981.0,Start,,,,,
Carniolan,Etbin Henrik Costa,729435354.0,Start,,,,,
Carniolan,Mihael Preiss,738955897.0,Stub,,,,,
Carniolan,Karel Lavrič,741794691.0,C,,,,,
Carniolan,Lovro Toman,744636212.0,Start,,,,,
Carniolan,Bogumil Vošnjak,747945423.0,Start,,,,,
Carniolan,Fran Levstik,755713654.0,Start,,,,,
Carniolan,Ivan Tavčar,769425247.0,C,,,,,
Carniolan,Josip Jurčič,777587526.0,Stub,,,,,
Carniolan,Josip Vošnjak,777588436.0,Start,,,,,
Carniolan,Janez Bleiweis,780281974.0,Start,,,,,
Carniolan,Andrej Einspieler,789072979.0,Start,,,,,
Carniolan,Ivan Lorković,789263095.0,Start,,,,,
Carniolan,Janko Kersnik,789273199.0,Start,,,,,
Carniolan,Ivan Šusteršič,789681987.0,Start,,,,,
Carniolan,Philipp von Cobenzl,790213148.0,Start,,,,,
South African Republic,Thomas François Burgers,704636517.0,C,,,,,
South African Republic,Willem Cornelis Janse van Rensburg,716703178.0,Start,,,,,
South African Republic,Harry Struben,736854878.0,Start,,,,,
South African Republic,"Kruger House, Pretoria",772410051.0,Stub,,,,,
South African Republic,Boekenhoutfontein,776299184.0,Start,,,,,
South African Republic,State President of the South African Republic,783371989.0,Start,,,,,
South African Republic,Transvaal Civil War,787611475.0,C,,,,,
South African Republic,"Heroes' Acre, Pretoria",793010122.0,Start,,,,,
South African Republic,"Clarens, Switzerland",794593079.0,Start,,,,,
South African Republic,"Statue of Paul Kruger, Church Square",800488968.0,Start,,,,,
South African Republic,Krugersdorp,801877418.0,C,,,,,
South African Republic,Ben Viljoen,804250196.0,C,,,,,
South African Republic,Krugerrand,804713000.0,C,,,,,
South African Republic,Kruger National Park,805927999.0,GA,,,,,
South African Republic,Piet Joubert,807269619.0,C,,,,,
Incan,Vicente Flores,706771757.0,Stub,,,,,
Incan,María Sumire,783850857.0,Start,,,,,
Incan,Túpac Amaru,801587917.0,C,,,,,
Incan,Pachacuti,803601556.0,C,,,,,
Incan,Túpac Katari,804527512.0,C,,,,,
Incan,Hilaria Supa,805475200.0,C,,,,,
Incan,Túpac Amaru II,806761543.0,C,,,,,
Chechen,Khozh-Ahmed Noukhayev,707217873.0,C,,,,,
Chechen,Alibek Delimkhanov,762868684.0,Stub,,,,,
Chechen,Beibulat Taimiev,765616552.0,Start,,,,,
Chechen,Isa Gendergenoevsky,772274868.0,Stub,,,,,
Chechen,Ibragim Khultygov,782430810.0,Stub,,,,,
Chechen,Movladi Udugov,783907075.0,C,,,,,
Chechen,Doku Zavgayev,784167327.0,Start,,,,,
Chechen,Head of the Chechen Republic,786231010.0,Start,,,,,
Chechen,Mairbek Sheripov,787163671.0,Stub,,,,,
Chechen,Alu Alkhanov,789327678.0,C,,,,,
Chechen,Adam Delimkhanov,789328171.0,Start,,,,,
Chechen,Aslambek Aslakhanov,789949907.0,Stub,,,,,
Chechen,Ruslan Khasbulatov,791803238.0,Start,,,,,
Chechen,Sergey Abramov (politician),794171049.0,Stub,,,,,
Chechen,Malik Saidullaev,794893770.0,Start,,,,,
Chechen,Akhmed Zakayev,797214106.0,B,,,,,
Chechen,Sheikh Mansur,797258871.0,Start,,,,,
Chechen,Ali Mitayev,798580067.0,Start,,,,,
Chechen,Turpal-Ali Atgeriyev,801036587.0,Start,,,,,
Chechen,Akhmad Kadyrov,802665757.0,C,,,,,
Chechen,Dzhokhar Dudayev,802950350.0,C,,,,,
Chechen,Ilyas Akhmadov,803177211.0,Start,,,,,
Chechen,Ruslan Gelayev,803469952.0,B,,,,,
Chechen,President of Ichkeria,804275742.0,Start,,,,,
Chechen,Said-Khasanom Abumuslimov,804276832.0,Stub,,,,,
Chechen,Vakha Arsanov,804276940.0,C,,,,,
Chechen,Shamil Basayev,804277603.0,B,,,,,
Chechen,Supyan Abdullayev,804277842.0,Start,,,,,
Chechen,Zelimkhan Yandarbiyev,804279009.0,C,,,,,
Chechen,Aslan Maskhadov,804279119.0,C,,,,,
Chechen,Abdul-Halim Sadulayev,804279165.0,C,,,,,
Chechen,Dokka Umarov,804279341.0,B,,,,,
Chechen,Tapa Tchermoeff,804557776.0,Start,,,,,
Chechen,Umar Dzhabrailov,805794113.0,C,,,,,
Chechen,Ramzan Kadyrov,805869321.0,FA,,,,,
Chechen,Idris Gaibov,807180397.0,Stub,,,,,
Chechen,Ruslan Alikhadzhiyev,807354708.0,Start,,,,,
Chechen,Ruslan Yamadayev,807454176.0,B,,,,,
South Ossetian,Stanislav Kochiev,717215546.0,Start,,,,,
South Ossetian,Valeriy Hubulov,717241760.0,Start,,,,,
South Ossetian,Rostislav Khugayev,721687759.0,Start,,,,,
South Ossetian,Boris Chochiev,748071193.0,Stub,,,,,
South Ossetian,Yury Morozov,749962491.0,Start,,,,,
South Ossetian,Aleksandr Shavlokhov,760473086.0,Stub,,,,,
South Ossetian,Merab Chigoev,760473130.0,Stub,,,,,
South Ossetian,Gerasim Khugayev,760473192.0,Start,,,,,
South Ossetian,Igor Sanakoyev,760473237.0,Stub,,,,,
South Ossetian,Zurab Kokoyev,760473273.0,Stub,,,,,
South Ossetian,Lyudvig Chibirov,766130279.0,Stub,,,,,
South Ossetian,Aslanbek Bulatsev,789950396.0,Start,,,,,
South Ossetian,President of South Ossetia,795669553.0,Start,,,,,
South Ossetian,Prime Minister of South Ossetia,797825875.0,Start,,,,,
South Ossetian,Leonid Tibilov,799335775.0,Start,,,,,
South Ossetian,Eduard Kokoity,801087048.0,C,,,,,
South Ossetian,Dmitry Sanakoyev,801560549.0,Start,,,,,
South Ossetian,Vadim Brovtsev,802882186.0,GA,,,,,
Cook Island,Tou Travel Ariki,717545630.0,Stub,,,,,
Cook Island,Piho Rua,717593716.0,Start,,,,,
Cook Island,Robert Woonton,717897925.0,Start,,,,,
Cook Island,Ngereteina Puna,719186872.0,Stub,,,,,
Cook Island,Tangaroa Tangaroa,737975585.0,Start,,,,,
Cook Island,Speaker of the Cook Islands Parliament,755442454.0,Start,,,,,
Cook Island,Maria Heather,757064438.0,Stub,,,,,
Cook Island,Tetangi Matapo,757064793.0,Stub,,,,,
Cook Island,Selina Napa,757064845.0,Stub,,,,,
Cook Island,Dorice Reid,757065079.0,B,,,,,
Cook Island,Ngai Tupa,757065152.0,Stub,,,,,
Cook Island,Cassey Eggelton,757540405.0,Stub,,,,,
Cook Island,Norman George,763769083.0,Start,,,,,
Cook Island,John Tangi,763769086.0,Stub,,,,,
Cook Island,Vai Peua,763769088.0,Stub,,,,,
Cook Island,Teariki Heather,763769233.0,Start,,,,,
Cook Island,George Angene,763769688.0,Stub,,,,,
Cook Island,Albert (Peto) Nicholas,763770488.0,Stub,,,,,
Cook Island,Tupou Faireka,763774025.0,Stub,,,,,
Cook Island,Mark Brown (Cook Islands),763774066.0,Stub,,,,,
Cook Island,Nandi Glassie,763774069.0,Stub,,,,,
Cook Island,Apii Piho,763775030.0,Stub,,,,,
Cook Island,Winton Pickering,763775034.0,Stub,,,,,
Cook Island,Albert Nicholas (Cook Islands),763775035.0,Stub,,,,,
Cook Island,Vincent Ingram,763775867.0,Start,,,,,
Cook Island,Terepai Maoate Jnr,763775893.0,Stub,,,,,
Cook Island,Toanui Isamaela,763776103.0,Stub,,,,,
Cook Island,Tangata Vavia,763776191.0,Start,,,,,
Cook Island,Taunga Toka,763776193.0,Stub,,,,,
Cook Island,Teremoana Tapi Taio,763776229.0,Stub,,,,,
Cook Island,Tepure Tapaitau,763776231.0,Start,,,,,
Cook Island,Mapu Taia,763776235.0,Stub,,,,,
Cook Island,Pupuke Robati,763776270.0,Start,,,,,
Cook Island,Wilkie Rasmussen,763776271.0,Start,,,,,
Cook Island,Tai Tura,763776737.0,Stub,,,,,
Cook Island,Tekii Lazaro,763776768.0,Stub,,,,,
Cook Island,Kura Strickland,763776806.0,Stub,,,,,
Cook Island,Mii Parima,763776808.0,Stub,,,,,
Cook Island,Joe Williams (Cook Islands politician),763776856.0,Start,,,,,
Cook Island,Kiriau Turepu,763776860.0,Stub,,,,,
Cook Island,Inatio Akaruru,766806728.0,Start,,,,,
Cook Island,Terepai Maoate,767048874.0,Start,,,,,
Cook Island,Deputy Prime Minister of the Cook Islands,767048881.0,Start,,,,,
Cook Island,Atatoa Herman,767994335.0,Stub,,,,,
Cook Island,Kete Ioane,778717694.0,Start,,,,,
Cook Island,Tom Davis (Cook Islands politician),778763952.0,C,,,,,
Cook Island,Niki Rattle,778789714.0,Stub,,,,,
Cook Island,Frederick Tutu Goodwin,784686871.0,Start,,,,,
Cook Island,Ngamau Munokoa,784786128.0,Start,,,,,
Cook Island,Henry Puna,786648340.0,C,,,,,
Cook Island,Moana Ioane,787050138.0,Stub,,,,,
Cook Island,Marguerite Story,787227714.0,Start,,,,,
Cook Island,Apenera Short,788240713.0,Start,,,,,
Cook Island,Mana Strickland,788499686.0,Start,,,,,
Cook Island,William (Smiley) Heather,788897273.0,Start,,,,,
Cook Island,Rose Toki-Brown,788897549.0,Stub,,,,,
Cook Island,Teina Bishop,788898457.0,Start,,,,,
Cook Island,Pumati Israela,788899523.0,Stub,,,,,
Cook Island,Robert Wigmore,794802546.0,Start,,,,,
Cook Island,Pukeiti Pukeiti,794802590.0,Stub,,,,,
Cook Island,John Henry (Cook Islands politician),797303432.0,Stub,,,,,
Cook Island,Geoffrey Henry,797303508.0,Start,,,,,
Cook Island,Albert Henry (politician),797303536.0,C,,,,,
Cook Island,Jim Marurai,799769949.0,C,,,,,
Cook Island,Pa Tepaeru Terito Ariki,805657875.0,C,,,,,
Cook Island,Tom Marsters,806739780.0,Start,,,,,
Tokelauan,John Allen (diplomat),720435378.0,Stub,,,,,
Tokelauan,Neil Walter,732100626.0,Start,,,,,
Tokelauan,Tim Francis,744394596.0,Stub,,,,,
Tokelauan,Duncan MacIntyre (New Zealand politician),770994352.0,C,,,,,
Tokelauan,Russell Marshall,771460602.0,C,,,,,
Tokelauan,Guy Powles,786375181.0,C,,,,,
Tokelauan,Salesio Lui,790644183.0,Stub,,,,,
Tokelauan,Kuresa Nasau,790644216.0,Stub,,,,,
Tokelauan,Patuki Isaako,790644404.0,Stub,,,,,
Tokelauan,Kolouei O'Brien,790647368.0,Stub,,,,,
Tokelauan,Afega Gaualofa,795631781.0,Stub,,,,,
Tokelauan,Siopili Perez,795633170.0,Stub,,,,,
Tokelauan,David Payton,799209983.0,Stub,,,,,
Tokelauan,Head of Government of Tokelau,801375710.0,Start,,,,,
Tokelauan,Falima Teao,801630990.0,Stub,,,,,
Tokelauan,Jonathan Kings,806257719.0,Stub,,,,,
Tokelauan,Administrator of Tokelau,806258588.0,Start,,,,,
Dagestani,Karim Mammadbeyov,723563977.0,Start,,,,,
Dagestani,Aziz Aliyev,785202362.0,C,,,,,
Dagestani,Mukhu Aliyev,785532389.0,Start,,,,,
Dagestani,Magomedali Magomedov,789329935.0,Start,,,,,
Dagestani,Magomedsalam Magomedov,792949749.0,Start,,,,,
Dagestani,Sagid Murtazaliev,796896055.0,Start,,,,,
Dagestani,Head of the Republic of Dagestan,803611453.0,Start,,,,,
Greenlandic,Gunnar Martens,742150479.0,Stub,,,,,
Greenlandic,Sara Olsvig,756830216.0,Stub,,,,,
Greenlandic,Kathrine Chemnitz,757102071.0,Start,,,,,
Greenlandic,Augusta Salling,757103267.0,Stub,,,,,
Greenlandic,Agathe Fontain,757539811.0,Stub,,,,,
Greenlandic,Ane Hansen (politician),757539958.0,Stub,,,,,
Greenlandic,Asii Chemnitz Narup,763742018.0,Stub,,,,,
Greenlandic,Aleqa Hammond,770757601.0,Start,,,,,
Greenlandic,Katrine Larsen Lenner,778461046.0,Stub,,,,,
Greenlandic,Maliina Abelsen,780537008.0,Start,,,,,
Greenlandic,Agnethe Davidsen,787423025.0,Stub,,,,,
Greenlandic,Mimi Karlsen,806560929.0,Stub,,,,,
Ossetian,Alan Parastaev,743018109.0,Start,,,,,
Ossetian,Taymuraz Mamsurov,757343822.0,Start,,,,,
Ossetian,Head of the Republic of North Ossetia-Alania,774555176.0,Stub,,,,,
Ossetian,Akhsarbek Galazov,782634776.0,Start,,,,,
Ossetian,Alexander Dzasokhov,789328182.0,Start,,,,,
Ossetian,Alla Dzhioyeva,796950389.0,C,,,,,
Ossetian,Vyacheslav Bitarov,804609656.0,Stub,,,,,
Ossetian,Tamerlan Aguzarov,804609900.0,Stub,,,,,
Ossetian,Anatoly Bibilov,806832826.0,Start,,,,,
Somaliland,Dahir Riyale Kahin,798692052.0,Start,,,,,
Somaliland,Adan Ahmed Elmi,804143605.0,Stub,,,,,
Somaliland,Muhammad Haji Ibrahim Egal,805840190.0,C,,,,,
Rojava,Hediya Yousef,805873719.0,C,,,,,
Rojava,Mansur Selum,805873803.0,Stub,,,,,
Western Sahara,,,,597000.0,NORTHERN AFRICA,244344000.0,AFRICA,1337918000.0
Mayotte,,,,284000.0,EASTERN AFRICA,444970000.0,AFRICA,1337918000.0
Reunion,,,,861000.0,EASTERN AFRICA,444970000.0,AFRICA,1337918000.0
Curacao,,,,155000.0,CARIBBEAN,43233000.0,LATIN AMERICA AND THE CARIBBEAN,651036000.0
Puerto Rico,,,,3189000.0,CARIBBEAN,43233000.0,LATIN AMERICA AND THE CARIBBEAN,651036000.0
Georgia,,,,3715000.0,WESTERN ASIA,280927000.0,ASIA,4625927000.0
Brunei,,,,469000.0,SOUTHEAST ASIA,661845000.0,ASIA,4625927000.0
Timor-Leste,,,,1318000.0,SOUTHEAST ASIA,661845000.0,ASIA,4625927000.0
"China, Hong Kong SAR",,,,7494000.0,EAST ASIA,1641063000.0,ASIA,4625927000.0
"China, Macao SAR",,,,686000.0,EAST ASIA,1641063000.0,ASIA,4625927000.0
French Polynesia,,,,280000.0,OCEANIA,43155000.0,OCEANIA,43155000.0
Guam,,,,175000.0,OCEANIA,43155000.0,OCEANIA,43155000.0
New Caledonia,,,,295000.0,OCEANIA,43155000.0,OCEANIA,43155000.0
